iv,B_D,W_D,theta_D,dfcom,T_D,gamma_D,nu,nu2,nu_improved,L,U,sqrt_T_D,Coefficient,lci,uci,exposure,modifier,exposure_value,modifier_value,outcome
Contrast 2,0,0,0,1230607,0,NA,NA,NA,NA,NA,NA,0,"0.00 	(NaN, NaN)",NA,NA,COHORThistorical,t,1,0,bmi
Contrast 2,3.3854837866270694e-6,0.00123229299949571,0.2643645555760823,1230607,0.0012363555800396625,0.0032859321456875333,15210.55012181688,370461.2683229067,284525.3819305599,0.1954483740003175,0.3332807371518471,0.03516184835926096,"0.26 	(0.20, 0.33)",0.1954483740003175,0.3332807371518471,COHORTexposed,t,1,0,bmi
Contrast 2,2.6188702522199737e-6,7.415936683885642e-4,0.20501893025138387,1230607,7.447363126912282e-4,0.004219808070466582,9291.232793299385,224633.536549067,189834.47570644913,0.15153150455617084,0.2585063559465969,0.027289857322661624,"0.21 	(0.15, 0.26)",0.15153150455617084,0.2585063559465969,COHORTunexposed,t,1,0,bmi
Contrast 2,4.335810210879453e-11,5.5933116617705125e-5,0.029435115891458828,1230607,5.5933168647427655e-5,9.302123192505073e-7,184909421961.8272,4622701148233.23,1226708.3333817096,0.014776843003081238,0.044093388779836415,0.0074788480829221056,"0.03 	(0.01, 0.04)",0.014776843003081238,0.044093388779836415,COHORThistorical,t,1,100,bmi
Contrast 2,3.426162322486419e-6,6.67557040226936e-4,0.23414046404748987,1230607,6.716684350139197e-4,0.0061211671900265755,4481.902725885851,106755.80700183101,98185.67481529522,0.1833443505939549,0.28493657750102486,0.025916566806078303,"0.23 	(0.18, 0.28)",0.1833443505939549,0.28493657750102486,COHORTexposed,t,1,100,bmi
Contrast 2,2.633959742002842e-6,4.6886344105753655e-4,0.13963727523530386,1230607,4.7202419274794e-4,0.006696164601231035,3762.0666331360203,89208.81078142079,83141.12791065595,0.09705428915358613,0.1822202613170216,0.021726117756008318,"0.14 	(0.10, 0.18)",0.09705428915358613,0.1822202613170216,COHORTunexposed,t,1,100,bmi
