Estimate,SE,dfcom,LCI,UCI,term,exposure,modifier,exposure_value,modifier_value,outcome
0,0,1230608,0,0,Contrast 2,COHORThistorical,t,1,0,bmi
0.2682175441222381,0.035195975547229176,1230608,0.1992334320496689,0.33720165619480724,Contrast 2,COHORTexposed,t,1,0,bmi
0.20099601900423164,0.02744314268970588,1230608,0.1472074593324081,0.25478457867605514,Contrast 2,COHORTunexposed,t,1,0,bmi
0.029439303838276608,0.007479036890981793,1230608,0.014780391531952293,0.044098216144600924,Contrast 2,COHORThistorical,t,1,100,bmi
0.23797771101739182,0.025963502292491017,1230608,0.1870892465241094,0.28886617551067423,Contrast 2,COHORTexposed,t,1,100,bmi
0.13559047482839232,0.021905622632281616,1230608,0.09265545446912035,0.17852549518766428,Contrast 2,COHORTunexposed,t,1,100,bmi
