Estimate,SE,dfcom,LCI,UCI,term,exposure,modifier,exposure_value,modifier_value,outcome
0,0,1248529,0,0,Contrast 2,COHORThistorical,t,1,0,bmi
0.2765864145161232,0.03338430374871727,1248529,0.21115317916863735,0.34201964986360905,Contrast 2,COHORTexposed,t,1,0,bmi
0.2115544880912285,0.02611557691885684,1248529,0.1603679573302691,0.2627410188521879,Contrast 2,COHORTunexposed,t,1,0,bmi
0.03968810919879027,0.0068960030939038686,1248529,0.02617194313473869,0.05320427526284185,Contrast 2,COHORThistorical,t,1,100,bmi
0.23758914867817976,0.0248316377248546,1248529,0.18891913873746474,0.2862591586188948,Contrast 2,COHORTexposed,t,1,100,bmi
0.1386900656314941,0.020970213573150126,1248529,0.09758844702811986,0.17979168423486835,Contrast 2,COHORTunexposed,t,1,100,bmi
