Estimate,SE,dfcom,LCI,UCI,term,exposure,modifier,exposure_value,modifier_value,outcome
0,0,1133368,0,0,Contrast 2,COHORThistorical,t,1,0,bmi
0.26104194660716395,0.03593704822162613,1133368,0.19060533209277675,0.33147856112155116,Contrast 2,COHORTexposed,t,1,0,bmi
0.19979965913813344,0.028582731204840797,1133368,0.1437775059766455,0.2558218122996214,Contrast 2,COHORTunexposed,t,1,0,bmi
0.03326706977515792,0.007818491228064604,1133368,0.017942826968151297,0.04859131258216454,Contrast 2,COHORThistorical,t,1,100,bmi
0.23701979574682303,0.026700801935687274,1133368,0.18468622395287598,0.28935336754077007,Contrast 2,COHORTexposed,t,1,100,bmi
0.13986554474087798,0.022758387541971403,1133368,0.09525910515861402,0.18447198432314194,Contrast 2,COHORTunexposed,t,1,100,bmi
