Estimate,SE,dfcom,LCI,UCI,term,exposure,modifier,exposure_value,modifier_value,outcome
0,0,1103859,0,0,Contrast 2,COHORThistorical,t,1,0,bmi
0.29171112404200344,0.04131769089500018,1103859,0.2107284498878031,0.3726937981962038,Contrast 2,COHORTexposed,t,1,0,bmi
0.23056155456270563,0.0302578533075487,1103859,0.17125616207991018,0.2898669470455011,Contrast 2,COHORTunexposed,t,1,0,bmi
0.02929707671079738,0.007644358317014003,1103859,0.014314134409449935,0.04428001901214483,Contrast 2,COHORThistorical,t,1,100,bmi
0.25932357415165347,0.031118533228484308,1103859,0.19833124902382424,0.32031589927948273,Contrast 2,COHORTexposed,t,1,100,bmi
0.16352849766648675,0.02454111027601752,1103859,0.11542792152549242,0.21162907380748108,Contrast 2,COHORTunexposed,t,1,100,bmi
