COHORT,female,age
exposed,0.6413709666697688,48.515761064652935
historical,0.6413709666697688,48.515761064652935
unexposed,0.6101797776161281,52.65854307388548
